{"name":"CICD-Demo","sourceOrgId":"1OdsM2lR27Bi2MC0atZ4gi","sourceOrgName":"Informatica","exportedObjects":[{"@type":"AssetInfo","objectGuid":"5AMQqPteT4AfT7fSgECTwz","objectName":"m_ChangingMap","objectType":"MAPPING","modelVersion":{"major":0,"minor":0},"urlInfo":{"parentInfo":[{"parentGuid":"7cCn5thwWFLhiZoSosphKL","parentName":"REG","parentType":"Space"},{"parentGuid":"aTeh8JR5UflbbhM7xWH6yk","parentName":"Kathmandu Demo Tasks","parentType":"Project"},{"parentGuid":"3pmQjCpw1itijLGSDvyt4n","parentName":"CDCI","parentType":"Folder"}],"parentRefs":["7cCn5thwWFLhiZoSosphKL","aTeh8JR5UflbbhM7xWH6yk","3pmQjCpw1itijLGSDvyt4n"]},"repoInfo":{"repoHandle":"0100CZ1700000000001H"},"objectRefs":["8mD4Pa1hEf8kn5IqGXTAEK","23bJAVGt2WCeuU9yLFd2uv"],"contextAttributes":[{"name":"id","value":"@1"}],"additionalInfo":{"description":"","contentType":"JSON","documentState":"VALID"},"objectExistence":"WITH_DEPENDENCIES"},{"@type":"ContainerInfo","objectGuid":"7cCn5thwWFLhiZoSosphKL","objectName":"REG","objectType":"Space","modelVersion":{"major":1,"minor":0},"urlInfo":{"parentInfo":[],"parentRefs":[]},"repoInfo":{"repoHandle":null},"objectRefs":[],"contextAttributes":null,"additionalInfo":null,"objectExistence":"REFERENCE_ONLY"},{"@type":"ContainerInfo","objectGuid":"bynSJ9htKIAlQPHWHUrnW1","objectName":"SYS","objectType":"Space","modelVersion":{"major":1,"minor":0},"urlInfo":{"parentInfo":[],"parentRefs":[]},"repoInfo":{"repoHandle":null},"objectRefs":[],"contextAttributes":null,"additionalInfo":null,"objectExistence":"REFERENCE_ONLY"},{"@type":"AssetInfo","objectGuid":"0hjjJFeaQDYlceaNdLisO5","objectName":"Rankesh-OfficeLaptop","objectType":"SAAS_RUNTIME_ENVIRONMENT","modelVersion":{"major":0,"minor":0},"urlInfo":{"parentInfo":[{"parentGuid":"bynSJ9htKIAlQPHWHUrnW1","parentName":"SYS","parentType":"Space"},{"parentGuid":"a079oJafhyqfeUx3PWdqkM","parentName":"_SYSTEM_PROJECT","parentType":"Project"},{"parentGuid":"6N0mmC2vBHneOVak7Ar5K9","parentName":"_SYSTEM_FOLDER","parentType":"Folder"}],"parentRefs":["bynSJ9htKIAlQPHWHUrnW1","a079oJafhyqfeUx3PWdqkM","6N0mmC2vBHneOVak7Ar5K9"]},"repoInfo":{"repoHandle":"0100CZ2500000000000C"},"objectRefs":[],"contextAttributes":[{"name":"id","value":"@1"}],"additionalInfo":{"description":null,"contentType":"JSON","documentState":"VALID"},"objectExistence":"WITH_DEPENDENCIES"},{"@type":"AssetInfo","objectGuid":"8mD4Pa1hEf8kn5IqGXTAEK","objectName":"Rankesh-Laptop-FlatFile-Source","objectType":"SAAS_CONNECTION","modelVersion":{"major":0,"minor":0},"urlInfo":{"parentInfo":[{"parentGuid":"bynSJ9htKIAlQPHWHUrnW1","parentName":"SYS","parentType":"Space"},{"parentGuid":"a079oJafhyqfeUx3PWdqkM","parentName":"_SYSTEM_PROJECT","parentType":"Project"},{"parentGuid":"6N0mmC2vBHneOVak7Ar5K9","parentName":"_SYSTEM_FOLDER","parentType":"Folder"}],"parentRefs":["bynSJ9htKIAlQPHWHUrnW1","a079oJafhyqfeUx3PWdqkM","6N0mmC2vBHneOVak7Ar5K9"]},"repoInfo":{"repoHandle":"0100CZ0B000000000012"},"objectRefs":["0hjjJFeaQDYlceaNdLisO5"],"contextAttributes":[{"name":"id","value":"@1"}],"additionalInfo":{"description":null,"contentType":"JSON","documentState":"COMPLETE"},"objectExistence":"WITH_DEPENDENCIES"},{"@type":"AssetInfo","objectGuid":"23bJAVGt2WCeuU9yLFd2uv","objectName":"Rankesh-Laptop-FlatFile-Target","objectType":"SAAS_CONNECTION","modelVersion":{"major":0,"minor":0},"urlInfo":{"parentInfo":[{"parentGuid":"bynSJ9htKIAlQPHWHUrnW1","parentName":"SYS","parentType":"Space"},{"parentGuid":"a079oJafhyqfeUx3PWdqkM","parentName":"_SYSTEM_PROJECT","parentType":"Project"},{"parentGuid":"6N0mmC2vBHneOVak7Ar5K9","parentName":"_SYSTEM_FOLDER","parentType":"Folder"}],"parentRefs":["bynSJ9htKIAlQPHWHUrnW1","a079oJafhyqfeUx3PWdqkM","6N0mmC2vBHneOVak7Ar5K9"]},"repoInfo":{"repoHandle":"0100CZ0B000000000013"},"objectRefs":["0hjjJFeaQDYlceaNdLisO5"],"contextAttributes":[{"name":"id","value":"@1"}],"additionalInfo":{"description":null,"contentType":"JSON","documentState":"COMPLETE"},"objectExistence":"WITH_DEPENDENCIES"},{"@type":"ContainerInfo","objectGuid":"aTeh8JR5UflbbhM7xWH6yk","objectName":"Kathmandu Demo Tasks","objectType":"Project","modelVersion":{"major":0,"minor":0},"urlInfo":{"parentInfo":[{"parentGuid":"7cCn5thwWFLhiZoSosphKL","parentName":"REG","parentType":"Space"}],"parentRefs":["7cCn5thwWFLhiZoSosphKL"]},"repoInfo":null,"objectRefs":[],"contextAttributes":[],"additionalInfo":{"description":"","contentType":"Binary","documentState":"COMPLETE"},"objectExistence":"WITHOUT_DEPENDENCIES"},{"@type":"ContainerInfo","objectGuid":"3pmQjCpw1itijLGSDvyt4n","objectName":"CDCI","objectType":"Folder","modelVersion":{"major":0,"minor":0},"urlInfo":{"parentInfo":[{"parentGuid":"7cCn5thwWFLhiZoSosphKL","parentName":"REG","parentType":"Space"},{"parentGuid":"aTeh8JR5UflbbhM7xWH6yk","parentName":"Kathmandu Demo Tasks","parentType":"Project"}],"parentRefs":["7cCn5thwWFLhiZoSosphKL","aTeh8JR5UflbbhM7xWH6yk"]},"repoInfo":null,"objectRefs":[],"contextAttributes":[],"additionalInfo":{"description":"Folder to showcase CDCI","contentType":"Binary","documentState":"COMPLETE"},"objectExistence":"WITHOUT_DEPENDENCIES"},{"@type":"ContainerInfo","objectGuid":"6N0mmC2vBHneOVak7Ar5K9","objectName":"_SYSTEM_FOLDER","objectType":"Folder","modelVersion":{"major":0,"minor":0},"urlInfo":{"parentInfo":[{"parentGuid":"bynSJ9htKIAlQPHWHUrnW1","parentName":"SYS","parentType":"Space"},{"parentGuid":"a079oJafhyqfeUx3PWdqkM","parentName":"_SYSTEM_PROJECT","parentType":"Project"}],"parentRefs":["bynSJ9htKIAlQPHWHUrnW1","a079oJafhyqfeUx3PWdqkM"]},"repoInfo":null,"objectRefs":[],"contextAttributes":[{"name":"IS_SYS_LOC","value":"true"}],"additionalInfo":{"description":"Auto-generated System Folder","contentType":null,"documentState":"COMPLETE"},"objectExistence":"WITHOUT_DEPENDENCIES"},{"@type":"ContainerInfo","objectGuid":"a079oJafhyqfeUx3PWdqkM","objectName":"_SYSTEM_PROJECT","objectType":"Project","modelVersion":{"major":0,"minor":0},"urlInfo":{"parentInfo":[{"parentGuid":"bynSJ9htKIAlQPHWHUrnW1","parentName":"SYS","parentType":"Space"}],"parentRefs":["bynSJ9htKIAlQPHWHUrnW1"]},"repoInfo":null,"objectRefs":[],"contextAttributes":[{"name":"IS_SYS_LOC","value":"true"}],"additionalInfo":{"description":"Auto-generated System Project","contentType":null,"documentState":"COMPLETE"},"objectExistence":"WITHOUT_DEPENDENCIES"}]}