{"name":"CICD-Demo-Export","sourceOrgId":"1OdsM2lR27Bi2MC0atZ4gi","sourceOrgName":"Informatica","exportedObjects":[{"@type":"ContainerInfo","objectGuid":"7cCn5thwWFLhiZoSosphKL","objectName":"REG","objectType":"Space","modelVersion":{"major":1,"minor":0},"urlInfo":{"parentInfo":[],"parentRefs":[]},"repoInfo":{"repoHandle":null},"objectRefs":[],"contextAttributes":null,"additionalInfo":null,"objectExistence":"REFERENCE_ONLY"},{"@type":"AssetInfo","objectGuid":"lAoVdsJRMArj7cSJE7hBiv","objectName":"S08-EaseofUsingCustomScripting","objectType":"PROCESS","modelVersion":{"major":1,"minor":0},"urlInfo":{"parentInfo":[{"parentGuid":"7cCn5thwWFLhiZoSosphKL","parentName":"REG","parentType":"Space"},{"parentGuid":"aTeh8JR5UflbbhM7xWH6yk","parentName":"Kathmandu Demo Tasks","parentType":"Project"}],"parentRefs":["7cCn5thwWFLhiZoSosphKL","aTeh8JR5UflbbhM7xWH6yk"]},"repoInfo":{"repoHandle":"ITck8jKBmeK3jhB-gt-24444-2018-04-03T06:41:05.563Z::pd.xml"},"objectRefs":[],"contextAttributes":null,"additionalInfo":{"description":"Redo the transformation change in DEV environment using a custom scripting component, and demonstrate it is possible to unit test with a message.","contentType":"application/json; charset=utf-8","documentState":"VALID"},"objectExistence":"WITH_DEPENDENCIES"},{"@type":"ContainerInfo","objectGuid":"aTeh8JR5UflbbhM7xWH6yk","objectName":"Kathmandu Demo Tasks","objectType":"Project","modelVersion":{"major":0,"minor":0},"urlInfo":{"parentInfo":[{"parentGuid":"7cCn5thwWFLhiZoSosphKL","parentName":"REG","parentType":"Space"}],"parentRefs":["7cCn5thwWFLhiZoSosphKL"]},"repoInfo":null,"objectRefs":[],"contextAttributes":[],"additionalInfo":{"description":"","contentType":"Binary","documentState":"COMPLETE"},"objectExistence":"WITHOUT_DEPENDENCIES"}]}