objectPath,objectName,objectType,id
,Rankesh-OfficeLaptop,AgentGroup,0hjjJFeaQDYlceaNdLisO5
/CloudPresalesAcceleratorProgram/Workshop3-ContinuousIntegration,m_ContinuousIntegration,DTEMPLATE,9tTtoNi1MsZizCSZgUMWKI
,Rankesh-Laptop-FlatFile-Source,Connection,8mD4Pa1hEf8kn5IqGXTAEK
/CloudPresalesAcceleratorProgram,Workshop3-ContinuousIntegration,Folder,425ZHMk8gdugtHxtKnPEYg
/,CloudPresalesAcceleratorProgram,Project,aDMXT83Hb9aheE73tOmkEf
,Rankesh-Laptop-FlatFile-Target,Connection,23bJAVGt2WCeuU9yLFd2uv